cod_cliente;nome_cliente;idade_cliente;email_cliente
61;"Adria Lowery";100;Vivamus@perconubia.com
22;"Aiko Montoya";87;enim.nec.tempus@Morbiquis.net
9;"Aileen Q. Massey";76;penatibus.et.magnis@Aenean.co.uk
13;"Alan W. Harrison";98;sociis@lacus.ca
4;"Aline Yoshimi";19;aline.yoshime@unibanco.com.br
72;"Amelia Meadows";44;quam@magnaPhasellusdolor.edu
5;"Anjolie Melendez";78;consequat.nec@Pellentesque.edu
19;"Anne Nichols";51;Aenean@accumsan.co.uk
2;"Antonio Ricardo";25;antonio.ricardo@unibanco.com.br
42;"Aphrodite U. Donovan";65;tristique@Fuscefeugiat.ca
95;"Aspen Dennis";73;Fusce.feugiat.Lorem@vitae.ca
57;"Aurora Lambert";60;luctus.sit.amet@velpede.edu
26;"Autumn Faulkner";48;nunc@vulputate.com
74;"Brenna Clarke";53;felis.orci.adipiscing@mauris.org
53;"Caesar H. Marsh";46;vestibulum.neque@quis.org
84;"Calista V. Dominguez";49;non.lorem.vitae@malesuada.com
87;"Calvin Q. Bauer";26;tortor.nibh@Phasellus.co.uk
65;"Carla Shaffer";19;nec.cursus.a@Aliquamfringillacursus.edu
55;"Carly W. Evans";50;ac.fermentum@mattisornarelectus.org
86;"Chancellor Mercer";22;netus.et.malesuada@mollisInteger.edu
90;"Christopher Madden";75;mi.tempor@maurisrhoncus.com
103;"Claire Mayo";32;consequat@atnisi.ca
46;"Clark Hudson";83;erat@ligulaeu.co.uk
17;"Clinton Ochoa";69;libero.Proin@Sedpharetrafelis.net
33;"Clio S. Vance";90;aliquet.nec.imperdiet@vitaeodiosagittis.org
44;"Cole Sears";34;massa@Vestibulumaccumsan.co.uk
14;"Colette R. Myers";35;libero.dui@necurna.com
7;"Courtney Martinez";62;lectus@necluctusfelis.co.uk
37;"Courtney O. Burnett";75;adipiscing.ligula@ideratEtiam.co.uk
56;"Craig V. Sanford";78;dolor.sit.amet@Quisque.ca
16;"Dale Q. Holman";100;dictum.Phasellus@placerat.co.uk
85;"Dane Steele";66;ac@liberoduinec.co.uk
54;"Dawn Lopez";81;sed.orci.lobortis@ornareFusce.edu
38;"Denton E. Guerrero";94;eleifend@metusInnec.edu
59;"Denton N. Ramsey";51;auctor.Mauris@placeratorcilacus.ca
1;"Edgar Augusto";22;edgar.augusto@unibanco.com.br
6;"Elmo I. Wheeler";24;sapien.Aenean.massa@egestasSed.org
12;"Elvis V. Turner";38;dapibus.rutrum@nascetur.edu
96;"Eric Pugh";98;Vestibulum.accumsan@ipsumdolor.co.uk
45;"Ezekiel Davidson";57;ligula.Aenean@enimnislelementum.com
8;"Felicia M. Mendoza";31;Donec@enimNunc.org
3;Fernanda;19;fernanda@unibanco.com.br
98;"Flynn T. Fitzgerald";91;Nulla.facilisis@purussapien.net
15;"Frances J. Calhoun";37;sapien.Nunc@urnajustofaucibus.ca
30;"Freya C. Riggs";100;neque@tristique.edu
89;"Gage D. Holland";30;eleifend@vulputatevelit.co.uk
51;"Gemma F. Bates";45;sollicitudin.a.malesuada@accumsansedfacilisis.net
94;"Gemma Hunt";26;velit.justo@maurisInteger.co.uk
25;"Gregory P. Pittman";89;sagittis.placerat@dolor.org
52;"Hamish Forbes";57;eros.Nam@parturientmontesnascetur.net
81;"Hamish Wilkinson";78;Donec.feugiat.metus@nonvestibulum.co.uk
88;"Heidi Hall";21;egestas.Sed.pharetra@mauriselitdictum.ca
101;"Holly S. Albert";81;ipsum.dolor.sit@interdum.net
10;"Illana B. Torres";49;sollicitudin@ornaretortor.com
71;"Imelda Battle";51;netus@lectus.com
60;"Jade T. Chaney";53;Suspendisse.non@gravidaPraesenteu.com
104;"Jael Lamb";81;molestie.arcu@Donec.ca
100;"Jason Contreras";70;Mauris@risusodioauctor.ca
66;"Jennifer C. Mcleod";32;ipsum.Curabitur.consequat@metus.co.uk
78;"Jocelyn D. White";23;mi@imperdietdictum.com
49;"Joseph Merrill";62;non.justo@ridiculusmus.com
41;"Joshua Strickland";48;Sed@quis.com
40;"Keelie Mcleod";26;commodo.hendrerit.Donec@magnis.edu
20;"Kevyn B. Garrison";75;malesuada@ante.com
97;"Kuame Duke";37;accumsan.convallis@augue.co.uk
48;"Louis Saunders";33;augue.porttitor.interdum@semut.edu
62;"Maia X. Hardy";73;Phasellus.nulla@felisadipiscingfringilla.co.uk
43;"Mari Marsh";22;at.arcu@Suspendissealiquetmolestie.ca
93;"Marny Atkinson";56;neque.pellentesque.massa@ipsumPhasellusvitae.com
18;"Marshall Hurley";91;arcu.Nunc.mauris@gravida.net
102;"Marvin Duke";85;ipsum.Curabitur.consequat@ridiculusmus.com
21;"Mason Decker";65;sit.amet.nulla@Crasvulputatevelit.net
35;"Melinda M. Martinez";62;odio.a@interdumNunc.com
11;"Moana Dillard";82;sem@magnaatortor.edu
58;"Naomi K. Good";96;Cum@tincidunttempus.edu
23;"Nayda Warner";87;magna.a@PhasellusnullaInteger.edu
29;"Nissim Farrell";19;Maecenas.ornare.egestas@orciluctuset.co.uk
80;"Noble Q. Crane";25;Duis.mi.enim@odio.com
67;"Noel Patterson";98;Nulla@fermentum.org
76;"Orlando T. Skinner";68;nec.euismod@auctorvitaealiquet.com
91;"Perry Y. Crawford";67;quis.tristique.ac@volutpatNulla.edu
77;"Prescott X. Hayden";20;feugiat.placerat.velit@ridiculus.co.uk
73;"Preston R. Sanchez";98;odio@risusDonecnibh.ca
79;"Rachel Bond";53;adipiscing.lacus@auctorullamcorpernisl.co.uk
36;"Ria A. Decker";48;Ut@commodotincidunt.edu
69;"Ria X. Suarez";52;magnis@ipsum.net
34;"Robert Wood";62;tincidunt@atpedeCras.org
27;"Rosalyn Q. Harper";72;In@quismassaMauris.edu
28;"Sean Steele";40;at.velit.Pellentesque@risusDuis.net
24;"Skyler Bryan";51;dapibus@facilisis.org
50;"Stacy B. Vazquez";26;accumsan.laoreet.ipsum@turpis.net
75;"Stacy U. Roach";18;arcu@semperNamtempor.net
82;"Talon C. England";78;commodo.at@purusmaurisa.com
83;"Tana A. Mann";68;consequat.auctor@Phasellus.org
68;"Tanner S. Baker";38;massa.Integer.vitae@magna.net
39;"Todd Nolan";77;Suspendisse@diamvel.co.uk
63;"Ulric P. Tanner";73;lacus.Etiam.bibendum@congueIn.org
70;"Urielle F. Barker";82;eu.turpis.Nulla@semmagna.edu
31;"Ursula Z. Roth";84;ut.erat.Sed@adipiscinglobortis.net
47;"Uta Molina";22;sociosqu.ad@Fusce.co.uk
32;"Walker T. Henry";18;elit.sed@purusaccumsan.edu
92;"Xaviera Mueller";78;nunc.sit@feugiat.ca
99;"Yardley L. Stuart";61;sit@ultricesmauris.co.uk
64;"Yolanda S. Burris";54;Lorem@pedemalesuada.com
